{
    "859 N Hawthorne Blvd, Hawthorne, CA": [33.86648, -118.35271],
    "8844 S Vermont Ave, Los Angeles, CA": [33.95705, -118.29123],
    "3311 N Tyler Ave, El Monte, CA": [34.06878, -118.03625],
    "950 Mei Ling Wy, Los Angeles, CA": [34.06534, -118.23768],
    "425 Gin Ling Way, Los Angeles, CA": [34.0656, -118.2371],
    "320 E First St, Los Angeles, CA": [34.0498, -118.24059],
    "22039 Sherman Way, Canoga Park, CA": [34.20127, -118.6074],
    "962 S San Pedro St, Los Angeles, CA": [34.03626, -118.25115],
    "17812 S Bellflower Blvd, Bellflower, CA": [33.88456, -118.12507],
    "946 Yale St, Los Angeles, CA": [34.06628, -118.23868],
    "232 South Glendora Ave, West Covina, CA": [34.06936, -117.92229],
    "2617 E Florence Ave, Huntington Park, CA": [33.97415, -118.22465],
    "11035 S Crenshaw Blvd, Inglewood, CA": [33.93544, -118.32644],
    "956 N Hill St, Los Angeles, CA": [34.06588, -118.23774],
    "5122 Whittier Blvd, Los Angeles, CA": [34.02056, -118.15918]
}